{"schema_version": "2.0", "repositories": ["https://packagecontrol.io/packages_2.json"], "packages_cache": {"https://packagecontrol.io/packages_2.json": [{"name": "Package Control", "description": "A full-featured package manager", "authors": ["Will Bond (wbond)"], "homepage": "https://packagecontrol.io", "previous_names": [], "labels": [], "readme": null, "issues": null, "donate": "https://packagecontrol.io/say_thanks", "buy": null, "releases": [{"platforms": ["*"], "sublime_text": "*", "version": "3.3.0", "url": "https://sublime.wbond.net/Package Control.sublime-package", "date": "2017-09-11 10:50:00"}]}]}, "certs": {"packagecontrol.io": ["7c1f3023c77714429099ae4bb21f33a4", "https://packagecontrol.io/certs/7c1f3023c77714429099ae4bb21f33a4"], "sublime.wbond.net": ["7c1f3023c77714429099ae4bb21f33a4", "https://packagecontrol.io/certs/7c1f3023c77714429099ae4bb21f33a4"]}}